{
  "Delete Activity" : {
    "transaction" : "Delete Activity",
    "sampleCount" : 2,
    "errorCount" : 0,
    "errorPct" : 0.0,
    "meanResTime" : 225.0,
    "medianResTime" : 225.0,
    "minResTime" : 220.0,
    "maxResTime" : 230.0,
    "pct1ResTime" : 230.0,
    "pct2ResTime" : 230.0,
    "pct3ResTime" : 230.0,
    "throughput" : 6.7340067340067336,
    "receivedKBytesPerSec" : 1.3875736531986533,
    "sentKBytesPerSec" : 1.5717066498316499
  },
  "GET All Activities" : {
    "transaction" : "GET All Activities",
    "sampleCount" : 2,
    "errorCount" : 0,
    "errorPct" : 0.0,
    "meanResTime" : 1288.0,
    "medianResTime" : 1288.0,
    "minResTime" : 1024.0,
    "maxResTime" : 1552.0,
    "pct1ResTime" : 1552.0,
    "pct2ResTime" : 1552.0,
    "pct3ResTime" : 1552.0,
    "throughput" : 1.288659793814433,
    "receivedKBytesPerSec" : 3.9125422841494846,
    "sentKBytesPerSec" : 0.270568218427835
  },
  "Total" : {
    "transaction" : "Total",
    "sampleCount" : 8,
    "errorCount" : 0,
    "errorPct" : 0.0,
    "meanResTime" : 492.75000000000006,
    "medianResTime" : 231.5,
    "minResTime" : 220.0,
    "maxResTime" : 1552.0,
    "pct1ResTime" : 1552.0,
    "pct2ResTime" : 1552.0,
    "pct3ResTime" : 1552.0,
    "throughput" : 3.5429583702391496,
    "receivedKBytesPerSec" : 3.3249833923826393,
    "sentKBytesPerSec" : 0.8762248117803366
  },
  "Update Activity" : {
    "transaction" : "Update Activity",
    "sampleCount" : 2,
    "errorCount" : 0,
    "errorPct" : 0.0,
    "meanResTime" : 228.0,
    "medianResTime" : 228.0,
    "minResTime" : 223.0,
    "maxResTime" : 233.0,
    "pct1ResTime" : 233.0,
    "pct2ResTime" : 233.0,
    "pct3ResTime" : 233.0,
    "throughput" : 6.920415224913495,
    "receivedKBytesPerSec" : 1.7706531141868513,
    "sentKBytesPerSec" : 1.594939446366782
  },
  "Create new Activity" : {
    "transaction" : "Create new Activity",
    "sampleCount" : 2,
    "errorCount" : 0,
    "errorPct" : 0.0,
    "meanResTime" : 230.0,
    "medianResTime" : 230.0,
    "minResTime" : 224.0,
    "maxResTime" : 236.0,
    "pct1ResTime" : 236.0,
    "pct2ResTime" : 236.0,
    "pct3ResTime" : 236.0,
    "throughput" : 7.168458781362007,
    "receivedKBytesPerSec" : 1.8341173835125446,
    "sentKBytesPerSec" : 2.2611447132616487
  }
}