{
  "Delete Activity" : {
    "transaction" : "Delete Activity",
    "sampleCount" : 2,
    "errorCount" : 0,
    "errorPct" : 0.0,
    "meanResTime" : 215.0,
    "medianResTime" : 215.0,
    "minResTime" : 215.0,
    "maxResTime" : 215.0,
    "pct1ResTime" : 215.0,
    "pct2ResTime" : 215.0,
    "pct3ResTime" : 215.0,
    "throughput" : 5.089058524173028,
    "receivedKBytesPerSec" : 1.0486243638676844,
    "sentKBytesPerSec" : 1.1877783078880406
  },
  "GET All Activities" : {
    "transaction" : "GET All Activities",
    "sampleCount" : 2,
    "errorCount" : 0,
    "errorPct" : 0.0,
    "meanResTime" : 1064.5,
    "medianResTime" : 1064.5,
    "minResTime" : 898.0,
    "maxResTime" : 1231.0,
    "pct1ResTime" : 1231.0,
    "pct2ResTime" : 1231.0,
    "pct3ResTime" : 1231.0,
    "throughput" : 1.4357501794687726,
    "receivedKBytesPerSec" : 4.3591282304379035,
    "sentKBytesPerSec" : 0.3014514536970567
  },
  "Total" : {
    "transaction" : "Total",
    "sampleCount" : 8,
    "errorCount" : 0,
    "errorPct" : 0.0,
    "meanResTime" : 428.625,
    "medianResTime" : 216.5,
    "minResTime" : 213.0,
    "maxResTime" : 1231.0,
    "pct1ResTime" : 1231.0,
    "pct2ResTime" : 1231.0,
    "pct3ResTime" : 1231.0,
    "throughput" : 3.8948393378773125,
    "receivedKBytesPerSec" : 3.6552154333008766,
    "sentKBytesPerSec" : 0.9632500608568647
  },
  "Update Activity" : {
    "transaction" : "Update Activity",
    "sampleCount" : 2,
    "errorCount" : 0,
    "errorPct" : 0.0,
    "meanResTime" : 215.5,
    "medianResTime" : 215.5,
    "minResTime" : 213.0,
    "maxResTime" : 218.0,
    "pct1ResTime" : 218.0,
    "pct2ResTime" : 218.0,
    "pct3ResTime" : 218.0,
    "throughput" : 5.115089514066496,
    "receivedKBytesPerSec" : 1.3087436061381075,
    "sentKBytesPerSec" : 1.1788682864450128
  },
  "Create new Activity" : {
    "transaction" : "Create new Activity",
    "sampleCount" : 2,
    "errorCount" : 0,
    "errorPct" : 0.0,
    "meanResTime" : 219.5,
    "medianResTime" : 219.5,
    "minResTime" : 214.0,
    "maxResTime" : 225.0,
    "pct1ResTime" : 225.0,
    "pct2ResTime" : 225.0,
    "pct3ResTime" : 225.0,
    "throughput" : 5.167958656330749,
    "receivedKBytesPerSec" : 1.3222706718346253,
    "sentKBytesPerSec" : 1.630127583979328
  }
}