{
  "GET All Activities" : {
    "transaction" : "GET All Activities",
    "sampleCount" : 2,
    "errorCount" : 0,
    "errorPct" : 0.0,
    "meanResTime" : 20279.5,
    "medianResTime" : 20279.5,
    "minResTime" : 20213.0,
    "maxResTime" : 20346.0,
    "pct1ResTime" : 20346.0,
    "pct2ResTime" : 20346.0,
    "pct3ResTime" : 20346.0,
    "throughput" : 0.09829942003342179,
    "receivedKBytesPerSec" : 0.2984500946131918,
    "sentKBytesPerSec" : 0.020639038385923524
  },
  "Total" : {
    "transaction" : "Total",
    "sampleCount" : 2,
    "errorCount" : 0,
    "errorPct" : 0.0,
    "meanResTime" : 20279.5,
    "medianResTime" : 20279.5,
    "minResTime" : 20213.0,
    "maxResTime" : 20346.0,
    "pct1ResTime" : 20346.0,
    "pct2ResTime" : 20346.0,
    "pct3ResTime" : 20346.0,
    "throughput" : 0.09829942003342179,
    "receivedKBytesPerSec" : 0.2984500946131918,
    "sentKBytesPerSec" : 0.020639038385923524
  }
}